{"n_estimators": [5, 10, 25, 50, 75, 100, 5, 10, 25, 50, 75, 100, 5, 10, 25, 50, 75, 100, 5, 10, 25, 50, 75, 100, 5, 10, 25, 50, 75, 100, 5, 10, 25, 50, 75, 100, 5, 10, 25, 50, 75, 100, 5, 10, 25, 50, 75, 100, 5, 10, 25, 50, 75, 100], "max_depth": [5, 5, 5, 5, 5, 5, 10, 10, 10, 10, 10, 10, 25, 25, 25, 25, 25, 25, 50, 50, 50, 50, 50, 50, 75, 75, 75, 75, 75, 75, 100, 100, 100, 100, 100, 100, 125, 125, 125, 125, 125, 125, 150, 150, 150, 150, 150, 150, 200, 200, 200, 200, 200, 200], "accuracy": [0.46196182658497287, 0.45841026425034986, 0.49486669881104983, 0.4804958075100255, 0.4830477579292745, 0.4869050839086002, 0.5949572518904426, 0.6013900485693789, 0.6050474521656298, 0.6043888843155011, 0.6065880305293239, 0.604118401091341, 0.724871520468524, 0.7382780802747169, 0.7477097126997754, 0.7504968659226418, 0.7502851833993861, 0.7518022414827185, 0.7377371138263968, 0.7505439064833653, 0.7608340291416273, 0.764326790775346, 0.7649030376442087, 0.7654440040925288, 0.7379487963496525, 0.7509319911093341, 0.761233873907777, 0.7631390166170781, 0.7647736761022191, 0.7655498453541566, 0.7384192019568874, 0.7502851833993861, 0.7597050556842637, 0.7629390942340033, 0.7645031928780591, 0.7651970411487304, 0.7383721613961638, 0.7500852610163113, 0.7608457892818082, 0.7640915879717286, 0.7654322439523479, 0.7654440040925288, 0.7387132054614091, 0.7513435960156645, 0.7608575494219891, 0.7643620711958886, 0.7649265579245704, 0.7652676019898157, 0.7379135159291099, 0.7498735784930557, 0.7609986711041595, 0.7629743746545459, 0.76451495301824, 0.7653969635318053], "size": [0.04, 0.08, 0.21, 0.41, 0.61, 0.81, 0.75, 1.27, 3.13, 6.72, 10.01, 13.33, 67.0, 145.69, 367.57, 737.35, 1093.5, 1456.71, 123.78, 247.8, 620.49, 1238.56, 1859.26, 2476.65, 124.01, 247.85, 619.64, 1239.71, 1859.82, 2478.44, 123.77, 247.73, 619.42, 1238.76, 1860.17, 2479.54, 124.0, 247.92, 619.16, 1238.89, 1858.85, 2479.61, 124.08, 247.97, 620.01, 1238.67, 1858.52, 2478.09, 123.91, 247.92, 619.55, 1238.92, 1859.88, 2477.54]}
