{"n_estimators": [100, 100, 75, 75, 50, 50, 25, 25, 25, 10, 10, 10, 10, 5, 5, 5, 75, 25, 10, 5, 25, 5], "max_depth": [50, 125, 150, 150, 50, 75, 200, 125, 150, 75, 50, 100, 150, 100, 25, 10, 10, 10, 10, 5, 5,5], "accuracy": [0.7655498453541566, 0.7654440040925288, 0.7654322439523479, 0.7649265579245704, 0.7643620711958886, 0.764326790775346, 0.761233873907777, 0.7609986711041595, 0.7608457892818082, 0.7513435960156645, 0.7509319911093341, 0.7505439064833653, 0.7502851833993861, 0.7387132054614091, 0.7384192019568874, 0.724871520468524, 0.6065880305293239, 0.6050474521656298, 0.6013900485693789, 0.5949572518904426, 0.49486669881104983, 0.46196182658497287], "size": [2478.44, 2476.65, 1858.85, 1858.52, 1238.67, 1238.56, 619.64, 619.55, 619.16, 247.97, 247.85, 247.8, 247.73, 124.08, 123.77, 67.0, 10.01, 3.13, 1.27, 0.75, 0.21, 0.04]}
