{"n_estimators": [25, 10, 10, 5, 10, 5, 50, 25, 5], "max_depth": [75, 25, 25, 10, 10, 5, 5, 5,5], "accuracy": [0.799054484729458, 0.7938329824891512, 0.7930568132372138, 0.7881763550621523, 0.7229663777592229, 0.720955393788294, 0.6654475321345831, 0.6515470464407935, 0.6369997530370562], "size": [152.27, 133.35, 63.28, 31.41, 1.06, 0.53, 0.36, 0.18, 0.04]}