{"n_estimators": [5, 10, 25, 50, 75, 100, 5, 10, 25, 50, 75, 100, 5, 10, 25, 50, 75, 100, 5, 10, 25, 50, 75, 100, 5, 10, 25, 50, 75, 100, 5, 10, 25, 50, 75, 100], "max_depth": [5, 5, 5, 5, 5, 5, 10, 10, 10, 10, 10, 10, 25, 25, 25, 25, 25, 25, 50, 50, 50, 50, 50, 50, 75, 75, 75, 75, 75, 75, 100, 100, 100, 100, 100, 100], "accuracy": [0.6369997530370562, 0.635553255794809, 0.6515470464407935, 0.6654475321345831, 0.6618136488186939, 0.6658708971810944, 0.720955393788294, 0.7229663777592229, 0.7203909070596122, 0.7178977573412675, 0.7172744699116813, 0.7168393447249891, 0.7881763550621523, 0.7930568132372138, 0.799054484729458, 0.7977138287488387, 0.7964554937494855, 0.7986075994025849, 0.7861300906706808, 0.791304552350264, 0.7949031552456105, 0.7961026895440594, 0.7952559594510367, 0.796043888843155, 0.7869768207637035, 0.7938329824891512, 0.7949266755259723, 0.7955146825350158, 0.796137969964602, 0.7968906189361777, 0.7874472263709383, 0.7934331377230016, 0.7947032328625357, 0.7959498077217081, 0.7968553385156351, 0.7961497301047828], "size": [0.04, 0.07, 0.18, 0.36, 0.54, 0.73, 0.53, 1.06, 2.54, 5.12, 7.46, 10.5, 31.41, 63.28, 152.27, 311.9, 467.21, 623.77, 66.03, 133.13, 332.8, 649.75, 989.96, 1312.97, 65.88, 133.35, 329.03, 664.94, 997.42, 1321.52, 65.81, 134.55, 332.79, 665.15, 1003.66, 1330.53]}