{"n_estimators": [5, 10, 25, 50, 75, 100, 5, 10, 25, 50, 75, 100, 5, 10, 25, 50, 75, 100, 5, 10, 25, 50, 75, 100, 5, 10, 25, 50, 75, 100, 5, 10, 25, 50, 75, 100, 5, 10, 25, 50, 75, 100, 5, 10, 25, 50, 75, 100, 5, 10, 25, 50, 75, 100], "max_depth": [5, 5, 5, 5, 5, 5, 10, 10, 10, 10, 10, 10, 25, 25, 25, 25, 25, 25, 50, 50, 50, 50, 50, 50, 75, 75, 75, 75, 75, 75, 100, 100, 100, 100, 100, 100, 125, 125, 125, 125, 125, 125, 150, 150, 150, 150, 150, 150, 200, 200, 200, 200, 200, 200], "accuracy": [0.6335657921042419, 0.6602260298942764, 0.6539813954582339, 0.6689285336281209, 0.6599320263897546, 0.6621194124633966, 0.7073253913186646, 0.7208730728070278, 0.7190620112191737, 0.7144049957075488, 0.7181447202850658, 0.7205085084614209, 0.7882233956228758, 0.7932096950595651, 0.7950325167876001, 0.7969258993567203, 0.796408453188762, 0.7971258217397952, 0.7891406865569838, 0.7917279173967754, 0.7951030776286854, 0.7968082979549116, 0.7968435783754543, 0.7965966154316559, 0.7884703585666741, 0.7931626544988416, 0.795855726600261, 0.7962790916467725, 0.7960791692636976, 0.7966318958521985, 0.7889172438935472, 0.7931626544988416, 0.795585243376101, 0.795855726600261, 0.7965966154316559, 0.7971258217397952, 0.7906577446403161, 0.7924335258076276, 0.7950089965072383, 0.7959498077217081, 0.797231663001423, 0.7975727070666683, 0.7882233956228758, 0.792398245387085, 0.7952912398715792, 0.7954794021144732, 0.7970082203379865, 0.796502534310209, 0.7874942669316618, 0.7926452083308833, 0.7955734832359201, 0.7954441216939306, 0.7968200580950925, 0.7969964601978056], "size": [0.04, 0.07, 0.18, 0.36, 0.56, 0.72, 0.52, 0.92, 2.59, 4.88, 7.64, 10.02, 30.78, 63.94, 161.47, 316.07, 468.11, 642.52, 66.18, 134.77, 330.64, 663.49, 982.87, 1327.38, 67.88, 133.31, 334.47, 665.75, 1000.61, 1334.29, 67.99, 131.57, 341.45, 673.46, 1006.92, 1343.99, 68.96, 131.67, 338.98, 668.04, 999.31, 1346.07, 65.21, 135.79, 341.15, 673.24, 1011.34, 1340.92, 65.99, 135.53, 329.11, 673.86, 999.88, 1320.52]}