{"n_estimators": [5, 10, 25, 50, 75, 100, 5, 10, 25, 50, 75, 100, 5, 10, 25, 50, 75, 100, 5, 10, 25, 50, 75, 100, 5, 10, 25, 50, 75, 100, 5, 10, 25, 50, 75, 100, 5, 10, 25, 50, 75, 100, 5, 10, 25, 50, 75, 100, 5, 10, 25, 50, 75, 100], "max_depth": [5, 5, 5, 5, 5, 5, 10, 10, 10, 10, 10, 10, 25, 25, 25, 25, 25, 25, 50, 50, 50, 50, 50, 50, 75, 75, 75, 75, 75, 75, 100, 100, 100, 100, 100, 100, 125, 125, 125, 125, 125, 125, 150, 150, 150, 150, 150, 150, 200, 200, 200, 200, 200, 200], "accuracy": [0.6379993649524303, 0.623075747062905, 0.6119036138910776, 0.6296261451436501, 0.6356355767760752, 0.6237695953335763, 0.7076664353839098, 0.7095245375324873, 0.7150870838380393, 0.7060788164594922, 0.7173685510331284, 0.7146519586513471, 0.8157891642068373, 0.8224218832688486, 0.8281490715369327, 0.8311008667223313, 0.8315242317688427, 0.8321945597591524, 0.8210577070078675, 0.8306892618160009, 0.8402149753625063, 0.8412145872778803, 0.842343560735244, 0.8427551656415745, 0.8196700104665248, 0.829854291863159, 0.8388743193818871, 0.8414145096609552, 0.8421318782119883, 0.8424141215763292, 0.8162242893935295, 0.8294779673773711, 0.8392036033069514, 0.8421083579316265, 0.8425552432584996, 0.842802206202298, 0.8233509343431373, 0.830759822657086, 0.8381922312513965, 0.8412028271376994, 0.8428962873237449, 0.8427786859219362, 0.820928345465878, 0.8299601331247869, 0.838886079522068, 0.8420142768101796, 0.8419672362494561, 0.8425670033986805, 0.8204108992979197, 0.8292074841532111, 0.8392036033069514, 0.8412145872778803, 0.8410852257358907, 0.8424611621370527], "size": [0.04, 0.08, 0.19, 0.39, 0.59, 0.8, 0.68, 1.04, 2.82, 5.46, 8.8, 11.28, 33.11, 56.92, 154.49, 299.71, 458.49, 606.98, 80.17, 157.8, 390.58, 775.23, 1165.73, 1575.63, 88.83, 181.4, 456.21, 907.95, 1379.95, 1825.0, 91.27, 183.7, 469.04, 932.86, 1387.94, 1861.56, 94.92, 187.41, 457.46, 926.78, 1400.6, 1864.94, 91.94, 188.25, 469.99, 933.96, 1391.33, 1863.81, 93.67, 190.38, 468.5, 925.27, 1400.56, 1859.7]}