{"n_estimators": [100, 75, 100, 50, 25, 10, 5, 10, 5, 50, 10, 5], "max_depth": [125, 125, 25, 25, 25, 25, 25, 10, 10, 5, 5, 5], "accuracy": [0.7975727070666683, 0.797231663001423, 0.7971258217397952, 0.7969258993567203, 0.7950325167876001, 0.7932096950595651, 0.7882233956228758, 0.7208730728070278, 0.7073253913186646, 0.6689285336281209, 0.6602260298942764, 0.6335657921042419], "size": [1346.07, 999.31, 642.52, 316.07, 161.47, 63.94, 30.78, 0.92, 0.52, 0.36, 0.07, 0.04]}