{"n_estimators": [75, 75, 75, 50, 50, 50, 25, 50, 10, 10, 25, 5, 10, 5, 75, 25, 10, 5, 5], "max_depth": [100, 50, 100, 75, 50, 50, 25, 125, 50, 25, 125, 25, 25, 10, 10, 10, 10, 5], "accuracy": [0.8428962873237449, 0.8425552432584996, 0.842343560735244, 0.8421083579316265, 0.8414145096609552, 0.8412145872778803, 0.8402149753625063, 0.8311008667223313, 0.830759822657086, 0.8306892618160009, 0.8281490715369327, 0.8233509343431373, 0.8224218832688486, 0.8157891642068373, 0.7173685510331284, 0.7150870838380393, 0.7095245375324873, 0.7076664353839098, 0.6379993649524303], "size": [1400.6, 1387.94, 1165.73, 932.86, 907.95, 775.23, 390.58, 299.71, 187.41, 157.8, 154.49, 94.92, 56.92, 33.11, 8.8, 2.82, 1.04, 0.68, 0.04]}